INSERT INTO Department VALUES ('CS','Computer Science','Building A',NULL);
INSERT INTO Department VALUES ('IT','Information Technology','Building B',NULL);
INSERT INTO Department VALUES ('SE','Software Engineering','Building C',NULL);
INSERT INTO Department VALUES ('DS','Data Science','Building D',NULL);
INSERT INTO Department VALUES ('AI','Artificial Intelligence','Building E',NULL);
INSERT INTO Instructor VALUES (1,'Ahmed Ali',8000,'2018-02-01','CS','Cairo','Nasr St','11111');
INSERT INTO Instructor VALUES (2,'Sara Mohamed',7500,'2019-03-12','IT','Giza','Pyramid St','22222');
INSERT INTO Instructor VALUES (3,'Omar Khaled',9000,'2017-05-21','SE','Alex','Sea St','33333');
INSERT INTO Instructor VALUES (4,'Mona Samy',7200,'2020-06-10','DS','Cairo','Tahrir St','44444');
INSERT INTO Instructor VALUES (5,'Hassan Adel',8500,'2016-08-19','AI','Giza','Dokki St','55555');
INSERT INTO Instructor VALUES (6,'Ali Hassan',7800,'2019-02-10','CS','Cairo','Street1','11112');
INSERT INTO Instructor VALUES (7,'Noor Ahmed',7300,'2020-04-15','CS','Giza','Street2','11113');
INSERT INTO Instructor VALUES (8,'Salma Hany',7600,'2018-09-20','IT','Cairo','Street3','11114');
INSERT INTO Instructor VALUES (9,'Khaled Samir',8100,'2017-07-25','IT','Giza','Street4','11115');
INSERT INTO Instructor VALUES (10,'Dina Adel',7900,'2021-01-11','SE','Cairo','Street5','11116');
INSERT INTO Instructor VALUES (11,'Youssef Ali',8300,'2016-12-12','SE','Alex','Street6','11117');
INSERT INTO Instructor VALUES (12,'Hala Ahmed',7400,'2018-03-18','DS','Cairo','Street7','11118');
INSERT INTO Instructor VALUES (13,'Mahmoud Nader',8800,'2015-05-30','DS','Giza','Street8','11119');
INSERT INTO Instructor VALUES (14,'Reem Tarek',7200,'2022-02-14','AI','Cairo','Street9','11120');
INSERT INTO Instructor VALUES (15,'Amr Adel',7600,'2019-06-17','AI','Giza','Street10','11121');
INSERT INTO Instructor VALUES (16,'Nada Ali',7700,'2020-07-07','CS','Alex','Street11','11122');
INSERT INTO Instructor VALUES (17,'Hany Omar',8200,'2017-08-22','IT','Cairo','Street12','11123');
INSERT INTO Instructor VALUES (18,'Aya Samy',7400,'2019-09-09','SE','Giza','Street13','11124');
INSERT INTO Instructor VALUES (19,'Karim Fady',7900,'2021-10-10','DS','Cairo','Street14','11125');
INSERT INTO Instructor VALUES (20,'Laila Adel',8100,'2018-11-11','AI','Alex','Street15','11126');
INSERT INTO Student VALUES (101,'Ali Mohamed','Cairo','Street1','11111');
INSERT INTO Student VALUES (102,'Sara Ahmed','Giza','Street2','22222');
INSERT INTO Student VALUES (103,'Omar Ali','Alex','Street3','33333');
INSERT INTO Student VALUES (104,'Mona Khaled','Cairo','Street4','44444');
INSERT INTO Student VALUES (105,'Hassan Tarek','Giza','Street5','55555');
INSERT INTO Student VALUES (106,'Nour Samy','Cairo','Street6','66666');
INSERT INTO Student VALUES (107,'Salma Adel','Alex','Street7','77777');
INSERT INTO Student VALUES (108,'Youssef Ahmed','Cairo','Street8','88888');
INSERT INTO Student VALUES (109,'Aya Ali','Giza','Street9','99999');
INSERT INTO Student VALUES (110,'Karim Mohamed','Cairo','Street10','12121');
INSERT INTO Student VALUES (111,'Laila Hassan','Giza','Street11','13131');
INSERT INTO Student VALUES (112,'Ahmed Samy','Alex','Street12','14141');
INSERT INTO Student VALUES (113,'Nada Ali','Cairo','Street13','15151');
INSERT INTO Student VALUES (114,'Amr Khaled','Giza','Street14','16161');
INSERT INTO Student VALUES (115,'Hala Omar','Alex','Street15','17171');
INSERT INTO Student VALUES (116,'Tarek Ali','Cairo','Street16','18181');
INSERT INTO Student VALUES (117,'Reem Ahmed','Giza','Street17','19191');
INSERT INTO Student VALUES (118,'Fady Samir','Alex','Street18','20202');
INSERT INTO Student VALUES (119,'Dina Adel','Cairo','Street19','21212');
INSERT INTO Student VALUES (120,'Hany Ali','Giza','Street20','22223');
INSERT INTO Course VALUES ('CS101','Intro to Programming',3,'CS');
INSERT INTO Course VALUES ('CS102','Data Structures',3,'CS');
INSERT INTO Course VALUES ('CS201','Algorithms',3,'CS');
INSERT INTO Course VALUES ('IT101','Networking Basics',3,'IT');
INSERT INTO Course VALUES ('IT201','Database Systems',3,'IT');
INSERT INTO Course VALUES ('SE101','Software Engineering',3,'SE');
INSERT INTO Course VALUES ('SE201','System Design',3,'SE');
INSERT INTO Course VALUES ('DS101','Data Analysis',3,'DS');
INSERT INTO Course VALUES ('AI101','Intro to AI',3,'AI');
INSERT INTO Course VALUES ('AI201','Machine Learning',3,'AI');
INSERT INTO Enrollment VALUES (101,'CS101','2024-01-10','A');
INSERT INTO Enrollment VALUES (102,'CS101','2024-01-10','B');
INSERT INTO Enrollment VALUES (103,'CS101','2024-01-10','A');
INSERT INTO Enrollment VALUES (104,'CS102','2024-01-12','B');
INSERT INTO Enrollment VALUES (105,'CS102','2024-01-12','C');
INSERT INTO Enrollment VALUES (106,'IT101','2024-01-13','B');
INSERT INTO Enrollment VALUES (107,'IT101','2024-01-13','A');
INSERT INTO Enrollment VALUES (108,'IT201','2024-01-15','A');
INSERT INTO Enrollment VALUES (109,'IT201','2024-01-15','B');
INSERT INTO Enrollment VALUES (110,'SE101','2024-01-16','B');
INSERT INTO Enrollment VALUES (111,'SE101','2024-01-16','A');
INSERT INTO Enrollment VALUES (112,'SE201','2024-01-17','C');
INSERT INTO Enrollment VALUES (113,'DS101','2024-01-18','B');
INSERT INTO Enrollment VALUES (114,'DS101','2024-01-18','A');
INSERT INTO Enrollment VALUES (115,'AI101','2024-01-19','A');
INSERT INTO Enrollment VALUES (116,'AI101','2024-01-19','B');
INSERT INTO Enrollment VALUES (117,'AI201','2024-01-20','A');
INSERT INTO Enrollment VALUES (118,'AI201','2024-01-20','B');
INSERT INTO Enrollment VALUES (119,'CS201','2024-01-21','B');
INSERT INTO Enrollment VALUES (120,'CS201','2024-01-21','A');
INSERT INTO Enrollment VALUES (101,'IT101','2024-01-22','B');
INSERT INTO Enrollment VALUES (102,'IT201','2024-01-22','A');
INSERT INTO Enrollment VALUES (103,'SE101','2024-01-23','B');
INSERT INTO Enrollment VALUES (104,'SE201','2024-01-23','C');
INSERT INTO Enrollment VALUES (105,'AI101','2024-01-24','B');
INSERT INTO Enrollment VALUES (106,'AI201','2024-01-24','A');
INSERT INTO Enrollment VALUES (107,'DS101','2024-01-25','A');
INSERT INTO Enrollment VALUES (108,'CS201','2024-01-25','B');
INSERT INTO Enrollment VALUES (109,'CS102','2024-01-26','C');
INSERT INTO Enrollment VALUES (110,'CS101','2024-01-26','A');